{
    "display": {
        "title": "BotaniClone v0.1",
        "description": 
            [
                {
                    "text": "• Use bone meal on small flowers, sugarcane, and other various non-bone-meal-able plants."
                },
                {
                    "text": "\n\n• Potted plants, tree-like plants bone mealing, chorus flower de-aging are also supported.",
                    "color": "yellow"
                },
                {
                    "text": "\n\n• Check out for updates on https://modrinth.com/user/lsk21kr",
                    "color": "blue"
                }
            ],
        "icon": {
            "item": "minecraft:bone_meal"
        },
        "announce_to_chat": false,
        "show_toast": false
    },
    "parent": "global:guris",
    "criteria": {
        "trigger": {
            "trigger": "minecraft:tick"
        }
    }
}