{
    "values": [
      {
        "id": "#minecraft:small_flowers",
        "required": false
      },
      {
        "id": "minecraft:cactus",
        "required": false
      },
      {
        "id": "minecraft:dead_bush",
        "required": false
      },
      {
        "id": "minecraft:lily_pad",
        "required": false
      },
      {
        "id": "minecraft:hanging_roots",
        "required": false
      },
      {
        "id": "minecraft:moss_carpet",
        "required": false
      },
      {
        "id": "#guris:botani/nether_roots",
        "required": false
      },
      {
        "id": "minecraft:spore_blossom",
        "required": false
      },
      {
        "id": "minecraft:sugar_cane",
        "required": false
      },
      {
        "id": "#guris:botani/tall_grasses",
        "required": false
      },
      {
        "id": "minecraft:vine",
        "required": false
      }
    ]
  }
  