{
    "type": "minecraft:entity",
    "pools": [
      {
        "rolls": 1,
        "entries": [
          {
            "type": "minecraft:loot_table",
            "name": "vanilla:entities/ghast"
          }
        ]
      },
      {
        "rolls": 1,
        "entries": [
          {
            "type": "item",
            "name": "minecraft:ghast_spawn_egg",
            "weight": 1,
            "functions": []
          }
        ],
        "conditions": [
          {
            "condition": "killed_by_player"
          },
          {
            "condition": "random_chance_with_looting",
            "chance": 0.25,
            "looting_multiplier": 0.02
          }
        ]
      }
    ]
  }
  