{
	"criteria": {
		"has_the_item": {
			"trigger": "inventory_changed",
			"conditions": {
				"items": [
					{
						"items": [
							"bowl"
						]
					}
				]
			}
		},
		"has_the_ingredient_0": {
			"trigger": "inventory_changed",
			"conditions": {
				"items": [
					{
						"tag": "dnv.core:boats_wo_chest"
					}
				]
			}
		},
		"has_the_ingredient_1": {
			"trigger": "inventory_changed",
			"conditions": {
				"items": [
					{
						"tag": "chest_boats"
					}
				]
			}
		},
		"has_the_ingredient_2": {
			"trigger": "inventory_changed",
			"conditions": {
				"items": [
					{
						"tag": "logs"
					}
				]
			}
		},
		"has_the_ingredient_3": {
			"trigger": "inventory_changed",
			"conditions": {
				"items": [
					{
						"tag": "dnv.recyclecraft:cuttable_wood/misc/cuttable_to_2bowl"
					}
				]
			}
		},
		"has_the_ingredient_4": {
			"trigger": "inventory_changed",
			"conditions": {
				"items": [
					{
						"tag": "dnv.core:all_wooden_stairs"
					}
				]
			}
		},
		"has_the_ingredient_5": {
			"trigger": "inventory_changed",
			"conditions": {
				"items": [
					{
						"tag": "dnv.recyclecraft:cuttable_wood/misc/cuttable_to_4bowl"
					}
				]
			}
		},
		"has_the_ingredient_6": {
			"trigger": "inventory_changed",
			"conditions": {
				"items": [
					{
						"tag": "bamboo_blocks"
					}
				]
			}
		},
		"has_the_ingredient_7": {
			"trigger": "inventory_changed",
			"conditions": {
				"items": [
					{
						"items": [
							"bowl"
						]
					}
				]
			}
		}
	},
	"requirements": [
		[
			"has_the_item",
			"has_the_ingredient_0",
			"has_the_ingredient_1",
			"has_the_ingredient_2",
			"has_the_ingredient_3",
			"has_the_ingredient_4",
			"has_the_ingredient_5",
			"has_the_ingredient_6",
			"has_the_ingredient_7"
		]
	],
	"rewards": {
		"recipes": [
			"dnv.recyclecraft:cuttable_wood/misc/10bowl",
			"dnv.recyclecraft:cuttable_wood/misc/12bowl",
			"dnv.recyclecraft:cuttable_wood/misc/16bowl",
			"dnv.recyclecraft:cuttable_wood/misc/2bowl",
			"dnv.recyclecraft:cuttable_wood/misc/3bowl",
			"dnv.recyclecraft:cuttable_wood/misc/4bowl",
			"dnv.recyclecraft:cuttable_wood/misc/8bowl",
			"dnv.recyclecraft:cuttable_wood/misc/stick_from_bowl"
		]
	}
}