{
	"criteria": {
		"has_the_item": {
			"trigger": "inventory_changed",
			"conditions": {
				"items": [
					{
						"items": [
							"chest"
						]
					}
				]
			}
		},
		"has_the_ingredient_0": {
			"trigger": "inventory_changed",
			"conditions": {
				"items": [
					{
						"tag": "dnv.core:all_planks"
					}
				]
			}
		},
		"has_the_ingredient_1": {
			"trigger": "inventory_changed",
			"conditions": {
				"items": [
					{
						"tag": "bamboo_blocks"
					}
				]
			}
		},
		"has_the_ingredient_2": {
			"trigger": "inventory_changed",
			"conditions": {
				"items": [
					{
						"tag": "logs"
					}
				]
			}
		}
	},
	"requirements": [
		[
			"has_the_item",
			"has_the_ingredient_0",
			"has_the_ingredient_1",
			"has_the_ingredient_2"
		]
	],
	"rewards": {
		"recipes": [
			"dnv.recyclecraft:cuttable_wood/misc/1chest",
			"dnv.recyclecraft:cuttable_wood/misc/2chest",
			"dnv.recyclecraft:cuttable_wood/misc/4chest"
		]
	}
}