{
	"criteria": {
		"has_the_item": {
			"trigger": "inventory_changed",
			"conditions": {
				"items": [
					{
						"items": [
							"ladder"
						]
					}
				]
			}
		},
		"has_the_ingredient_0": {
			"trigger": "inventory_changed",
			"conditions": {
				"items": [
					{
						"tag": "dnv.recyclecraft:cuttable_wood/misc/cuttable_to_1ladder"
					}
				]
			}
		},
		"has_the_ingredient_1": {
			"trigger": "inventory_changed",
			"conditions": {
				"items": [
					{
						"tag": "dnv.recyclecraft:cuttable_wood/misc/cuttable_to_2ladder"
					}
				]
			}
		},
		"has_the_ingredient_2": {
			"trigger": "inventory_changed",
			"conditions": {
				"items": [
					{
						"tag": "bamboo_blocks"
					}
				]
			}
		},
		"has_the_ingredient_3": {
			"trigger": "inventory_changed",
			"conditions": {
				"items": [
					{
						"tag": "dnv.core:boats_wo_chest"
					}
				]
			}
		},
		"has_the_ingredient_4": {
			"trigger": "inventory_changed",
			"conditions": {
				"items": [
					{
						"tag": "chest_boats"
					}
				]
			}
		},
		"has_the_ingredient_5": {
			"trigger": "inventory_changed",
			"conditions": {
				"items": [
					{
						"tag": "logs"
					}
				]
			}
		}
	},
	"requirements": [
		[
			"has_the_item",
			"has_the_ingredient_0",
			"has_the_ingredient_1",
			"has_the_ingredient_2",
			"has_the_ingredient_3",
			"has_the_ingredient_4",
			"has_the_ingredient_5"
		]
	],
	"rewards": {
		"recipes": [
			"dnv.recyclecraft:cuttable_wood/misc/1ladder",
			"dnv.recyclecraft:cuttable_wood/misc/2ladder",
			"dnv.recyclecraft:cuttable_wood/misc/4ladder",
			"dnv.recyclecraft:cuttable_wood/misc/5ladder",
			"dnv.recyclecraft:cuttable_wood/misc/6ladder",
			"dnv.recyclecraft:cuttable_wood/misc/8ladder"
		]
	}
}