{
	"criteria": {
		"has_the_item": {
			"trigger": "inventory_changed",
			"conditions": {
				"items": [
					{
						"items": [
							"stick"
						]
					}
				]
			}
		},
		"has_the_ingredient_0": {
			"trigger": "inventory_changed",
			"conditions": {
				"items": [
					{
						"tag": "dnv.core:boats_wo_chest"
					}
				]
			}
		},
		"has_the_ingredient_1": {
			"trigger": "inventory_changed",
			"conditions": {
				"items": [
					{
						"tag": "chest_boats"
					}
				]
			}
		},
		"has_the_ingredient_2": {
			"trigger": "inventory_changed",
			"conditions": {
				"items": [
					{
						"tag": "logs"
					}
				]
			}
		},
		"has_the_ingredient_3": {
			"trigger": "inventory_changed",
			"conditions": {
				"items": [
					{
						"tag": "dnv.recyclecraft:cuttable_wood/misc/cuttable_to_2stick"
					}
				]
			}
		},
		"has_the_ingredient_4": {
			"trigger": "inventory_changed",
			"conditions": {
				"items": [
					{
						"tag": "dnv.core:all_wooden_stairs"
					}
				]
			}
		},
		"has_the_ingredient_5": {
			"trigger": "inventory_changed",
			"conditions": {
				"items": [
					{
						"tag": "dnv.recyclecraft:cuttable_wood/misc/cuttable_to_4stick"
					}
				]
			}
		},
		"has_the_ingredient_6": {
			"trigger": "inventory_changed",
			"conditions": {
				"items": [
					{
						"tag": "bamboo_blocks"
					}
				]
			}
		}
	},
	"requirements": [
		[
			"has_the_item",
			"has_the_ingredient_0",
			"has_the_ingredient_1",
			"has_the_ingredient_2",
			"has_the_ingredient_3",
			"has_the_ingredient_4",
			"has_the_ingredient_5",
			"has_the_ingredient_6"
		]
	],
	"rewards": {
		"recipes": [
			"dnv.recyclecraft:cuttable_wood/misc/10stick",
			"dnv.recyclecraft:cuttable_wood/misc/12stick",
			"dnv.recyclecraft:cuttable_wood/misc/16stick",
			"dnv.recyclecraft:cuttable_wood/misc/2stick",
			"dnv.recyclecraft:cuttable_wood/misc/3stick",
			"dnv.recyclecraft:cuttable_wood/misc/4stick",
			"dnv.recyclecraft:cuttable_wood/misc/8stick"
		]
	}
}