{
  "parent": "minecraft:recipes/root",
  "rewards": {
    "recipes": [
      "stone_blast_furnace:deepslate"
    ]
  },
  "criteria": {
    "has_ingredient": {
      "trigger": "minecraft:inventory_changed",
      "conditions": {
        "items": [
          {
            "item": "minecraft:cobbled_deepslate"
          }
        ]
      }
    },
    "has_the_recipe": {
      "trigger": "minecraft:recipe_unlocked",
      "conditions": {
        "recipe": "stone_blast_furnace:deepslate"
      }
    }
  },
  "requirements": [
    [
      "has_ingredient",
      "has_the_recipe"
    ]
  ]
}
