{
	"criteria": {
		"has_a_ingredient": {
			"trigger": "inventory_changed",
			"conditions": {
				"items": [
					{
						"tag": "dnv.recyclecraft:cuttable_wood/acacia/cuttable_items"
					}
				]
			}
		}
	},
	"rewards": {
		"recipes": [
			"dnv.recyclecraft:cuttable_wood/acacia/10button",
			"dnv.recyclecraft:cuttable_wood/acacia/16button",
			"dnv.recyclecraft:cuttable_wood/acacia/1fence",
			"dnv.recyclecraft:cuttable_wood/acacia/1fence_gate",
			"dnv.recyclecraft:cuttable_wood/acacia/1pressure_plate",
			"dnv.recyclecraft:cuttable_wood/acacia/1sign",
			"dnv.recyclecraft:cuttable_wood/acacia/1stripped_log",
			"dnv.recyclecraft:cuttable_wood/acacia/1trapdoor",
			"dnv.recyclecraft:cuttable_wood/acacia/2button",
			"dnv.recyclecraft:cuttable_wood/acacia/2door",
			"dnv.recyclecraft:cuttable_wood/acacia/2fence",
			"dnv.recyclecraft:cuttable_wood/acacia/2fence_gate",
			"dnv.recyclecraft:cuttable_wood/acacia/2pressure_plate",
			"dnv.recyclecraft:cuttable_wood/acacia/2sign",
			"dnv.recyclecraft:cuttable_wood/acacia/2trapdoor",
			"dnv.recyclecraft:cuttable_wood/acacia/4button",
			"dnv.recyclecraft:cuttable_wood/acacia/4door",
			"dnv.recyclecraft:cuttable_wood/acacia/4fence",
			"dnv.recyclecraft:cuttable_wood/acacia/4fence_gate",
			"dnv.recyclecraft:cuttable_wood/acacia/4planks",
			"dnv.recyclecraft:cuttable_wood/acacia/4trapdoor",
			"dnv.recyclecraft:cuttable_wood/acacia/5pressure_plate",
			"dnv.recyclecraft:cuttable_wood/acacia/5sign",
			"dnv.recyclecraft:cuttable_wood/acacia/5stairs",
			"dnv.recyclecraft:cuttable_wood/acacia/8pressure_plate",
			"dnv.recyclecraft:cuttable_wood/acacia/8sign",
			"dnv.recyclecraft:cuttable_wood/acacia/8slab",
			"dnv.recyclecraft:cuttable_wood/acacia/button_from_stairs",
			"dnv.recyclecraft:cuttable_wood/acacia/door_from_planks",
			"dnv.recyclecraft:cuttable_wood/acacia/log_from_wood",
			"dnv.recyclecraft:cuttable_wood/acacia/slab_from_planks",
			"dnv.recyclecraft:cuttable_wood/acacia/slab_from_stairs",
			"dnv.recyclecraft:cuttable_wood/acacia/stairs_from_planks",
			"dnv.recyclecraft:cuttable_wood/acacia/stripped_wood_from_wood"
		]
	}
}