{
	"criteria": {
		"has_a_ingredient": {
			"trigger": "inventory_changed",
			"conditions": {
				"items": [
					{
						"tag": "dnv.recyclecraft:cuttable_wood/bamboo/cuttable_items"
					}
				]
			}
		}
	},
	"rewards": {
		"recipes": [
			"dnv.recyclecraft:cuttable_wood/bamboo/10button",
			"dnv.recyclecraft:cuttable_wood/bamboo/1door",
			"dnv.recyclecraft:cuttable_wood/bamboo/1fence",
			"dnv.recyclecraft:cuttable_wood/bamboo/1fence_gate",
			"dnv.recyclecraft:cuttable_wood/bamboo/1mosaic_slab",
			"dnv.recyclecraft:cuttable_wood/bamboo/1mosaic_stairs",
			"dnv.recyclecraft:cuttable_wood/bamboo/1pressure_plate",
			"dnv.recyclecraft:cuttable_wood/bamboo/1sign",
			"dnv.recyclecraft:cuttable_wood/bamboo/1trapdoor",
			"dnv.recyclecraft:cuttable_wood/bamboo/2button",
			"dnv.recyclecraft:cuttable_wood/bamboo/2door",
			"dnv.recyclecraft:cuttable_wood/bamboo/2fence",
			"dnv.recyclecraft:cuttable_wood/bamboo/2fence_gate",
			"dnv.recyclecraft:cuttable_wood/bamboo/2mosaic",
			"dnv.recyclecraft:cuttable_wood/bamboo/2mosaic_slab",
			"dnv.recyclecraft:cuttable_wood/bamboo/2mosaic_stairs",
			"dnv.recyclecraft:cuttable_wood/bamboo/2planks",
			"dnv.recyclecraft:cuttable_wood/bamboo/2pressure_plate",
			"dnv.recyclecraft:cuttable_wood/bamboo/2sign",
			"dnv.recyclecraft:cuttable_wood/bamboo/2stairs",
			"dnv.recyclecraft:cuttable_wood/bamboo/2trapdoor",
			"dnv.recyclecraft:cuttable_wood/bamboo/3button",
			"dnv.recyclecraft:cuttable_wood/bamboo/4button",
			"dnv.recyclecraft:cuttable_wood/bamboo/4mosaic_slab",
			"dnv.recyclecraft:cuttable_wood/bamboo/4pressure_plate",
			"dnv.recyclecraft:cuttable_wood/bamboo/4sign",
			"dnv.recyclecraft:cuttable_wood/bamboo/4slab",
			"dnv.recyclecraft:cuttable_wood/bamboo/5pressure_plate",
			"dnv.recyclecraft:cuttable_wood/bamboo/5sign",
			"dnv.recyclecraft:cuttable_wood/bamboo/8button",
			"dnv.recyclecraft:cuttable_wood/bamboo/slab_from_planks",
			"dnv.recyclecraft:cuttable_wood/bamboo/slab_from_stairs",
			"dnv.recyclecraft:cuttable_wood/bamboo/stairs_from_planks",
			"dnv.recyclecraft:cuttable_wood/bamboo/stripped_bamboo_block_from_bamboo_block"
		]
	}
}