{
	"criteria": {
		"has_a_ingredient": {
			"trigger": "inventory_changed",
			"conditions": {
				"items": [
					{
						"tag": "dnv.recyclecraft:cuttable_wood/birch/cuttable_items"
					}
				]
			}
		}
	},
	"rewards": {
		"recipes": [
			"dnv.recyclecraft:cuttable_wood/birch/10button",
			"dnv.recyclecraft:cuttable_wood/birch/16button",
			"dnv.recyclecraft:cuttable_wood/birch/1fence",
			"dnv.recyclecraft:cuttable_wood/birch/1fence_gate",
			"dnv.recyclecraft:cuttable_wood/birch/1pressure_plate",
			"dnv.recyclecraft:cuttable_wood/birch/1sign",
			"dnv.recyclecraft:cuttable_wood/birch/1stripped_log",
			"dnv.recyclecraft:cuttable_wood/birch/1trapdoor",
			"dnv.recyclecraft:cuttable_wood/birch/2button",
			"dnv.recyclecraft:cuttable_wood/birch/2door",
			"dnv.recyclecraft:cuttable_wood/birch/2fence",
			"dnv.recyclecraft:cuttable_wood/birch/2fence_gate",
			"dnv.recyclecraft:cuttable_wood/birch/2pressure_plate",
			"dnv.recyclecraft:cuttable_wood/birch/2sign",
			"dnv.recyclecraft:cuttable_wood/birch/2trapdoor",
			"dnv.recyclecraft:cuttable_wood/birch/4button",
			"dnv.recyclecraft:cuttable_wood/birch/4door",
			"dnv.recyclecraft:cuttable_wood/birch/4fence",
			"dnv.recyclecraft:cuttable_wood/birch/4fence_gate",
			"dnv.recyclecraft:cuttable_wood/birch/4planks",
			"dnv.recyclecraft:cuttable_wood/birch/4trapdoor",
			"dnv.recyclecraft:cuttable_wood/birch/5pressure_plate",
			"dnv.recyclecraft:cuttable_wood/birch/5sign",
			"dnv.recyclecraft:cuttable_wood/birch/5stairs",
			"dnv.recyclecraft:cuttable_wood/birch/8pressure_plate",
			"dnv.recyclecraft:cuttable_wood/birch/8sign",
			"dnv.recyclecraft:cuttable_wood/birch/8slab",
			"dnv.recyclecraft:cuttable_wood/birch/button_from_stairs",
			"dnv.recyclecraft:cuttable_wood/birch/door_from_planks",
			"dnv.recyclecraft:cuttable_wood/birch/log_from_wood",
			"dnv.recyclecraft:cuttable_wood/birch/slab_from_planks",
			"dnv.recyclecraft:cuttable_wood/birch/slab_from_stairs",
			"dnv.recyclecraft:cuttable_wood/birch/stairs_from_planks",
			"dnv.recyclecraft:cuttable_wood/birch/stripped_wood_from_wood"
		]
	}
}