{
	"criteria": {
		"has_a_ingredient": {
			"trigger": "inventory_changed",
			"conditions": {
				"items": [
					{
						"tag": "dnv.recyclecraft:cuttable_wood/cherry/cuttable_items"
					}
				]
			}
		}
	},
	"rewards": {
		"recipes": [
			"dnv.recyclecraft:cuttable_wood/cherry/10button",
			"dnv.recyclecraft:cuttable_wood/cherry/16button",
			"dnv.recyclecraft:cuttable_wood/cherry/1fence",
			"dnv.recyclecraft:cuttable_wood/cherry/1fence_gate",
			"dnv.recyclecraft:cuttable_wood/cherry/1pressure_plate",
			"dnv.recyclecraft:cuttable_wood/cherry/1sign",
			"dnv.recyclecraft:cuttable_wood/cherry/1stripped_log",
			"dnv.recyclecraft:cuttable_wood/cherry/1trapdoor",
			"dnv.recyclecraft:cuttable_wood/cherry/2button",
			"dnv.recyclecraft:cuttable_wood/cherry/2door",
			"dnv.recyclecraft:cuttable_wood/cherry/2fence",
			"dnv.recyclecraft:cuttable_wood/cherry/2fence_gate",
			"dnv.recyclecraft:cuttable_wood/cherry/2pressure_plate",
			"dnv.recyclecraft:cuttable_wood/cherry/2sign",
			"dnv.recyclecraft:cuttable_wood/cherry/2trapdoor",
			"dnv.recyclecraft:cuttable_wood/cherry/4button",
			"dnv.recyclecraft:cuttable_wood/cherry/4door",
			"dnv.recyclecraft:cuttable_wood/cherry/4fence",
			"dnv.recyclecraft:cuttable_wood/cherry/4fence_gate",
			"dnv.recyclecraft:cuttable_wood/cherry/4planks",
			"dnv.recyclecraft:cuttable_wood/cherry/4trapdoor",
			"dnv.recyclecraft:cuttable_wood/cherry/5pressure_plate",
			"dnv.recyclecraft:cuttable_wood/cherry/5sign",
			"dnv.recyclecraft:cuttable_wood/cherry/5stairs",
			"dnv.recyclecraft:cuttable_wood/cherry/8pressure_plate",
			"dnv.recyclecraft:cuttable_wood/cherry/8sign",
			"dnv.recyclecraft:cuttable_wood/cherry/8slab",
			"dnv.recyclecraft:cuttable_wood/cherry/button_from_stairs",
			"dnv.recyclecraft:cuttable_wood/cherry/door_from_planks",
			"dnv.recyclecraft:cuttable_wood/cherry/log_from_wood",
			"dnv.recyclecraft:cuttable_wood/cherry/slab_from_planks",
			"dnv.recyclecraft:cuttable_wood/cherry/slab_from_stairs",
			"dnv.recyclecraft:cuttable_wood/cherry/stairs_from_planks",
			"dnv.recyclecraft:cuttable_wood/cherry/stripped_wood_from_wood"
		]
	}
}