{
	"criteria": {
		"has_a_ingredient": {
			"trigger": "inventory_changed",
			"conditions": {
				"items": [
					{
						"tag": "dnv.recyclecraft:cuttable_wood/crimson/cuttable_items"
					}
				]
			}
		}
	},
	"rewards": {
		"recipes": [
			"dnv.recyclecraft:cuttable_wood/crimson/16button",
			"dnv.recyclecraft:cuttable_wood/crimson/1fence",
			"dnv.recyclecraft:cuttable_wood/crimson/1fence_gate",
			"dnv.recyclecraft:cuttable_wood/crimson/1pressure_plate",
			"dnv.recyclecraft:cuttable_wood/crimson/1sign",
			"dnv.recyclecraft:cuttable_wood/crimson/1stripped_log",
			"dnv.recyclecraft:cuttable_wood/crimson/1trapdoor",
			"dnv.recyclecraft:cuttable_wood/crimson/2button",
			"dnv.recyclecraft:cuttable_wood/crimson/2pressure_plate",
			"dnv.recyclecraft:cuttable_wood/crimson/2sign",
			"dnv.recyclecraft:cuttable_wood/crimson/4button",
			"dnv.recyclecraft:cuttable_wood/crimson/4door",
			"dnv.recyclecraft:cuttable_wood/crimson/4fence",
			"dnv.recyclecraft:cuttable_wood/crimson/4fence_gate",
			"dnv.recyclecraft:cuttable_wood/crimson/4planks",
			"dnv.recyclecraft:cuttable_wood/crimson/4trapdoor",
			"dnv.recyclecraft:cuttable_wood/crimson/5stairs",
			"dnv.recyclecraft:cuttable_wood/crimson/8pressure_plate",
			"dnv.recyclecraft:cuttable_wood/crimson/8sign",
			"dnv.recyclecraft:cuttable_wood/crimson/8slab",
			"dnv.recyclecraft:cuttable_wood/crimson/button_from_stairs",
			"dnv.recyclecraft:cuttable_wood/crimson/door_from_planks",
			"dnv.recyclecraft:cuttable_wood/crimson/slab_from_planks",
			"dnv.recyclecraft:cuttable_wood/crimson/slab_from_stairs",
			"dnv.recyclecraft:cuttable_wood/crimson/stairs_from_planks",
			"dnv.recyclecraft:cuttable_wood/crimson/stem_from_hyphae",
			"dnv.recyclecraft:cuttable_wood/crimson/stripped_hyphae_from_hyphae"
		]
	}
}