{
	"criteria": {
		"has_a_ingredient": {
			"trigger": "inventory_changed",
			"conditions": {
				"items": [
					{
						"tag": "dnv.recyclecraft:cuttable_wood/dark_oak/cuttable_items"
					}
				]
			}
		}
	},
	"rewards": {
		"recipes": [
			"dnv.recyclecraft:cuttable_wood/dark_oak/10button",
			"dnv.recyclecraft:cuttable_wood/dark_oak/16button",
			"dnv.recyclecraft:cuttable_wood/dark_oak/1fence",
			"dnv.recyclecraft:cuttable_wood/dark_oak/1fence_gate",
			"dnv.recyclecraft:cuttable_wood/dark_oak/1pressure_plate",
			"dnv.recyclecraft:cuttable_wood/dark_oak/1sign",
			"dnv.recyclecraft:cuttable_wood/dark_oak/1stripped_log",
			"dnv.recyclecraft:cuttable_wood/dark_oak/1trapdoor",
			"dnv.recyclecraft:cuttable_wood/dark_oak/2button",
			"dnv.recyclecraft:cuttable_wood/dark_oak/2door",
			"dnv.recyclecraft:cuttable_wood/dark_oak/2fence",
			"dnv.recyclecraft:cuttable_wood/dark_oak/2fence_gate",
			"dnv.recyclecraft:cuttable_wood/dark_oak/2pressure_plate",
			"dnv.recyclecraft:cuttable_wood/dark_oak/2sign",
			"dnv.recyclecraft:cuttable_wood/dark_oak/2trapdoor",
			"dnv.recyclecraft:cuttable_wood/dark_oak/4button",
			"dnv.recyclecraft:cuttable_wood/dark_oak/4door",
			"dnv.recyclecraft:cuttable_wood/dark_oak/4fence",
			"dnv.recyclecraft:cuttable_wood/dark_oak/4fence_gate",
			"dnv.recyclecraft:cuttable_wood/dark_oak/4planks",
			"dnv.recyclecraft:cuttable_wood/dark_oak/4trapdoor",
			"dnv.recyclecraft:cuttable_wood/dark_oak/5pressure_plate",
			"dnv.recyclecraft:cuttable_wood/dark_oak/5sign",
			"dnv.recyclecraft:cuttable_wood/dark_oak/5stairs",
			"dnv.recyclecraft:cuttable_wood/dark_oak/8pressure_plate",
			"dnv.recyclecraft:cuttable_wood/dark_oak/8sign",
			"dnv.recyclecraft:cuttable_wood/dark_oak/8slab",
			"dnv.recyclecraft:cuttable_wood/dark_oak/button_from_stairs",
			"dnv.recyclecraft:cuttable_wood/dark_oak/door_from_planks",
			"dnv.recyclecraft:cuttable_wood/dark_oak/log_from_wood",
			"dnv.recyclecraft:cuttable_wood/dark_oak/slab_from_planks",
			"dnv.recyclecraft:cuttable_wood/dark_oak/slab_from_stairs",
			"dnv.recyclecraft:cuttable_wood/dark_oak/stairs_from_planks",
			"dnv.recyclecraft:cuttable_wood/dark_oak/stripped_wood_from_wood"
		]
	}
}