{
	"criteria": {
		"has_a_ingredient": {
			"trigger": "inventory_changed",
			"conditions": {
				"items": [
					{
						"tag": "dnv.recyclecraft:cuttable_wood/jungle/cuttable_items"
					}
				]
			}
		}
	},
	"rewards": {
		"recipes": [
			"dnv.recyclecraft:cuttable_wood/jungle/10button",
			"dnv.recyclecraft:cuttable_wood/jungle/16button",
			"dnv.recyclecraft:cuttable_wood/jungle/1fence",
			"dnv.recyclecraft:cuttable_wood/jungle/1fence_gate",
			"dnv.recyclecraft:cuttable_wood/jungle/1pressure_plate",
			"dnv.recyclecraft:cuttable_wood/jungle/1sign",
			"dnv.recyclecraft:cuttable_wood/jungle/1stripped_log",
			"dnv.recyclecraft:cuttable_wood/jungle/1trapdoor",
			"dnv.recyclecraft:cuttable_wood/jungle/2button",
			"dnv.recyclecraft:cuttable_wood/jungle/2door",
			"dnv.recyclecraft:cuttable_wood/jungle/2fence",
			"dnv.recyclecraft:cuttable_wood/jungle/2fence_gate",
			"dnv.recyclecraft:cuttable_wood/jungle/2pressure_plate",
			"dnv.recyclecraft:cuttable_wood/jungle/2sign",
			"dnv.recyclecraft:cuttable_wood/jungle/2trapdoor",
			"dnv.recyclecraft:cuttable_wood/jungle/4button",
			"dnv.recyclecraft:cuttable_wood/jungle/4door",
			"dnv.recyclecraft:cuttable_wood/jungle/4fence",
			"dnv.recyclecraft:cuttable_wood/jungle/4fence_gate",
			"dnv.recyclecraft:cuttable_wood/jungle/4planks",
			"dnv.recyclecraft:cuttable_wood/jungle/4trapdoor",
			"dnv.recyclecraft:cuttable_wood/jungle/5pressure_plate",
			"dnv.recyclecraft:cuttable_wood/jungle/5sign",
			"dnv.recyclecraft:cuttable_wood/jungle/5stairs",
			"dnv.recyclecraft:cuttable_wood/jungle/8pressure_plate",
			"dnv.recyclecraft:cuttable_wood/jungle/8sign",
			"dnv.recyclecraft:cuttable_wood/jungle/8slab",
			"dnv.recyclecraft:cuttable_wood/jungle/button_from_stairs",
			"dnv.recyclecraft:cuttable_wood/jungle/door_from_planks",
			"dnv.recyclecraft:cuttable_wood/jungle/log_from_wood",
			"dnv.recyclecraft:cuttable_wood/jungle/slab_from_planks",
			"dnv.recyclecraft:cuttable_wood/jungle/slab_from_stairs",
			"dnv.recyclecraft:cuttable_wood/jungle/stairs_from_planks",
			"dnv.recyclecraft:cuttable_wood/jungle/stripped_wood_from_wood"
		]
	}
}