{
	"criteria": {
		"has_a_ingredient": {
			"trigger": "inventory_changed",
			"conditions": {
				"items": [
					{
						"tag": "dnv.recyclecraft:cuttable_wood/mangrove/cuttable_items"
					}
				]
			}
		}
	},
	"rewards": {
		"recipes": [
			"dnv.recyclecraft:cuttable_wood/mangrove/10button",
			"dnv.recyclecraft:cuttable_wood/mangrove/16button",
			"dnv.recyclecraft:cuttable_wood/mangrove/1fence",
			"dnv.recyclecraft:cuttable_wood/mangrove/1fence_gate",
			"dnv.recyclecraft:cuttable_wood/mangrove/1pressure_plate",
			"dnv.recyclecraft:cuttable_wood/mangrove/1sign",
			"dnv.recyclecraft:cuttable_wood/mangrove/1stripped_log",
			"dnv.recyclecraft:cuttable_wood/mangrove/1trapdoor",
			"dnv.recyclecraft:cuttable_wood/mangrove/2button",
			"dnv.recyclecraft:cuttable_wood/mangrove/2door",
			"dnv.recyclecraft:cuttable_wood/mangrove/2fence",
			"dnv.recyclecraft:cuttable_wood/mangrove/2fence_gate",
			"dnv.recyclecraft:cuttable_wood/mangrove/2pressure_plate",
			"dnv.recyclecraft:cuttable_wood/mangrove/2sign",
			"dnv.recyclecraft:cuttable_wood/mangrove/2trapdoor",
			"dnv.recyclecraft:cuttable_wood/mangrove/4button",
			"dnv.recyclecraft:cuttable_wood/mangrove/4door",
			"dnv.recyclecraft:cuttable_wood/mangrove/4fence",
			"dnv.recyclecraft:cuttable_wood/mangrove/4fence_gate",
			"dnv.recyclecraft:cuttable_wood/mangrove/4planks",
			"dnv.recyclecraft:cuttable_wood/mangrove/4trapdoor",
			"dnv.recyclecraft:cuttable_wood/mangrove/5pressure_plate",
			"dnv.recyclecraft:cuttable_wood/mangrove/5sign",
			"dnv.recyclecraft:cuttable_wood/mangrove/5stairs",
			"dnv.recyclecraft:cuttable_wood/mangrove/8pressure_plate",
			"dnv.recyclecraft:cuttable_wood/mangrove/8sign",
			"dnv.recyclecraft:cuttable_wood/mangrove/8slab",
			"dnv.recyclecraft:cuttable_wood/mangrove/button_from_stairs",
			"dnv.recyclecraft:cuttable_wood/mangrove/door_from_planks",
			"dnv.recyclecraft:cuttable_wood/mangrove/log_from_wood",
			"dnv.recyclecraft:cuttable_wood/mangrove/slab_from_planks",
			"dnv.recyclecraft:cuttable_wood/mangrove/slab_from_stairs",
			"dnv.recyclecraft:cuttable_wood/mangrove/stairs_from_planks",
			"dnv.recyclecraft:cuttable_wood/mangrove/stripped_wood_from_wood"
		]
	}
}