{
	"criteria": {
		"has_a_ingredient": {
			"trigger": "inventory_changed",
			"conditions": {
				"items": [
					{
						"tag": "dnv.recyclecraft:cuttable_wood/spruce/cuttable_items"
					}
				]
			}
		}
	},
	"rewards": {
		"recipes": [
			"dnv.recyclecraft:cuttable_wood/spruce/10button",
			"dnv.recyclecraft:cuttable_wood/spruce/16button",
			"dnv.recyclecraft:cuttable_wood/spruce/1fence",
			"dnv.recyclecraft:cuttable_wood/spruce/1fence_gate",
			"dnv.recyclecraft:cuttable_wood/spruce/1pressure_plate",
			"dnv.recyclecraft:cuttable_wood/spruce/1sign",
			"dnv.recyclecraft:cuttable_wood/spruce/1stripped_log",
			"dnv.recyclecraft:cuttable_wood/spruce/1trapdoor",
			"dnv.recyclecraft:cuttable_wood/spruce/2button",
			"dnv.recyclecraft:cuttable_wood/spruce/2door",
			"dnv.recyclecraft:cuttable_wood/spruce/2fence",
			"dnv.recyclecraft:cuttable_wood/spruce/2fence_gate",
			"dnv.recyclecraft:cuttable_wood/spruce/2pressure_plate",
			"dnv.recyclecraft:cuttable_wood/spruce/2sign",
			"dnv.recyclecraft:cuttable_wood/spruce/2trapdoor",
			"dnv.recyclecraft:cuttable_wood/spruce/4button",
			"dnv.recyclecraft:cuttable_wood/spruce/4door",
			"dnv.recyclecraft:cuttable_wood/spruce/4fence",
			"dnv.recyclecraft:cuttable_wood/spruce/4fence_gate",
			"dnv.recyclecraft:cuttable_wood/spruce/4planks",
			"dnv.recyclecraft:cuttable_wood/spruce/4trapdoor",
			"dnv.recyclecraft:cuttable_wood/spruce/5pressure_plate",
			"dnv.recyclecraft:cuttable_wood/spruce/5sign",
			"dnv.recyclecraft:cuttable_wood/spruce/5stairs",
			"dnv.recyclecraft:cuttable_wood/spruce/8pressure_plate",
			"dnv.recyclecraft:cuttable_wood/spruce/8sign",
			"dnv.recyclecraft:cuttable_wood/spruce/8slab",
			"dnv.recyclecraft:cuttable_wood/spruce/button_from_stairs",
			"dnv.recyclecraft:cuttable_wood/spruce/door_from_planks",
			"dnv.recyclecraft:cuttable_wood/spruce/log_from_wood",
			"dnv.recyclecraft:cuttable_wood/spruce/slab_from_planks",
			"dnv.recyclecraft:cuttable_wood/spruce/slab_from_stairs",
			"dnv.recyclecraft:cuttable_wood/spruce/stairs_from_planks",
			"dnv.recyclecraft:cuttable_wood/spruce/stripped_wood_from_wood"
		]
	}
}