{
	"criteria": {
		"has_a_ingredient": {
			"trigger": "inventory_changed",
			"conditions": {
				"items": [
					{
						"tag": "dnv.recyclecraft:cuttable_wood/warped/cuttable_items"
					}
				]
			}
		}
	},
	"rewards": {
		"recipes": [
			"dnv.recyclecraft:cuttable_wood/warped/16button",
			"dnv.recyclecraft:cuttable_wood/warped/1fence",
			"dnv.recyclecraft:cuttable_wood/warped/1fence_gate",
			"dnv.recyclecraft:cuttable_wood/warped/1pressure_plate",
			"dnv.recyclecraft:cuttable_wood/warped/1sign",
			"dnv.recyclecraft:cuttable_wood/warped/1stripped_log",
			"dnv.recyclecraft:cuttable_wood/warped/1trapdoor",
			"dnv.recyclecraft:cuttable_wood/warped/2button",
			"dnv.recyclecraft:cuttable_wood/warped/2pressure_plate",
			"dnv.recyclecraft:cuttable_wood/warped/2sign",
			"dnv.recyclecraft:cuttable_wood/warped/4button",
			"dnv.recyclecraft:cuttable_wood/warped/4door",
			"dnv.recyclecraft:cuttable_wood/warped/4fence",
			"dnv.recyclecraft:cuttable_wood/warped/4fence_gate",
			"dnv.recyclecraft:cuttable_wood/warped/4planks",
			"dnv.recyclecraft:cuttable_wood/warped/4trapdoor",
			"dnv.recyclecraft:cuttable_wood/warped/5stairs",
			"dnv.recyclecraft:cuttable_wood/warped/8pressure_plate",
			"dnv.recyclecraft:cuttable_wood/warped/8sign",
			"dnv.recyclecraft:cuttable_wood/warped/8slab",
			"dnv.recyclecraft:cuttable_wood/warped/button_from_stairs",
			"dnv.recyclecraft:cuttable_wood/warped/door_from_planks",
			"dnv.recyclecraft:cuttable_wood/warped/slab_from_planks",
			"dnv.recyclecraft:cuttable_wood/warped/slab_from_stairs",
			"dnv.recyclecraft:cuttable_wood/warped/stairs_from_planks",
			"dnv.recyclecraft:cuttable_wood/warped/stem_from_hyphae",
			"dnv.recyclecraft:cuttable_wood/warped/stripped_hyphae_from_hyphae"
		]
	}
}